,Player,Team,POS,RUSH_ATT,RUSH_YD,RUSH_TD,REC,REC_YD,REC_TD,FL,PASS_ATT,CMP,PASS_YD,PASS_TD,INTS
1,Christian McCaffrey,CAR,RB,297.3,"1,302.1",12.0,93.7,758.0,4.3,2.5,0.0,0.0,0,0.0,0.0
2,Dalvin Cook,MIN,RB,316.6,"1,487.5",12.9,55.0,473.5,2.0,2.9,0.0,0.0,0,0.0,0.0
3,Derrick Henry,TEN,RB,343.5,"1,705.8",14.1,24.4,182.6,1.1,2.7,0.0,0.0,0,0.0,0.0
4,Alvin Kamara,NO,RB,207.0,942.3,9.6,81.6,704.6,3.7,1.9,0.0,0.0,0,0.0,0.0
5,Jonathan Taylor,IND,RB,272.7,"1,264.5",10.9,42.0,320.9,1.6,1.9,0.0,0.0,0,0.0,0.0
6,Nick Chubb,CLE,RB,271.6,"1,362.5",11.0,29.3,229.1,1.0,1.9,0.0,0.0,0,0.0,0.0
7,Ezekiel Elliott,DAL,RB,281.9,"1,210.1",9.5,52.8,393.0,2.4,2.9,0.0,0.0,0,0.0,0.0
8,Aaron Jones,GB,RB,232.6,"1,126.5",10.4,50.8,391.6,2.7,2.1,0.0,0.0,0,0.0,0.0
9,Saquon Barkley,NYG,RB,265.2,"1,199.5",9.0,56.0,434.9,1.9,1.8,0.0,0.0,0,0.0,0.0
10,Joe Mixon,CIN,RB,274.9,"1,157.5",8.1,50.4,369.2,2.9,2.0,0.0,0.0,0,0.0,0.0
11,Najee Harris,PIT,RB,261.1,"1,145.9",8.8,49.9,369.2,2.2,2.6,0.0,0.0,0,0.0,0.0
12,Antonio Gibson,WAS,RB,242.6,"1,086.6",9.7,46.4,337.8,1.5,2.1,0.0,0.0,0,0.0,0.0
13,Austin Ekeler,LAC,RB,178.6,815.2,4.7,79.2,684.0,4.6,1.6,0.0,0.0,0,0.0,0.0
14,Clyde Edwards-Helaire,KC,RB,222.7,"1,001.8",7.3,50.6,389.6,2.2,1.8,0.0,0.0,0,0.0,0.0
15,David Montgomery,CHI,RB,255.5,"1,068.6",8.1,40.0,315.1,1.6,2.0,0.0,0.0,0,0.0,0.0
16,Chris Carson,SEA,RB,230.4,"1,055.2",7.4,43.5,322.5,2.4,2.1,0.0,0.0,0,0.0,0.0
17,Josh Jacobs,LV,RB,257.0,"1,098.4",9.5,31.5,236.5,0.9,2.0,0.0,0.0,0,0.0,0.0
18,Miles Sanders,PHI,RB,223.2,"1,068.2",6.8,40.7,333.2,1.7,1.8,0.0,0.0,0,0.0,0.0
19,D'Andre Swift,DET,RB,189.4,844.0,7.7,58.4,435.8,2.1,2.3,0.0,0.0,0,0.0,0.0
20,James Robinson,JAC,RB,222.5,964.8,6.8,43.2,310.2,1.4,1.6,0.0,0.0,0,0.0,0.0
21,Gus Edwards,BAL,RB,220.5,"1,054.3",8.2,15.8,128.1,0.7,1.5,0.0,0.0,0,0.0,0.0
22,Darrell Henderson,LAR,RB,208.5,903.9,7.2,31.2,260.2,1.6,1.7,0.0,0.0,0,0.0,0.0
23,Mike Davis,ATL,RB,226.1,893.1,6.4,48.4,309.2,1.7,1.9,0.0,0.0,0,0.0,0.0
24,Chase Edmonds,ARI,RB,169.9,757.3,5.0,51.9,380.1,2.9,1.5,0.0,0.0,0,0.0,0.0
25,Myles Gaskin,MIA,RB,189.7,803.9,5.4,44.4,345.8,1.8,2.0,0.0,0.0,0,0.0,0.0
26,Damien Harris,NE,RB,222.3,"1,043.0",6.5,12.5,94.0,0.3,1.4,0.0,0.0,0,0.0,0.0
27,Kareem Hunt,CLE,RB,154.7,685.0,5.5,39.6,318.4,2.5,1.3,0.0,0.0,0,0.0,0.0
28,Javonte Williams,DEN,RB,192.6,855.4,5.7,26.3,204.8,1.1,2.0,0.0,0.0,0,0.0,0.0
29,Raheem Mostert,SF,RB,155.4,773.6,6.0,24.0,208.2,1.3,1.4,0.0,0.0,0,0.0,0.0
30,Leonard Fournette,TB,RB,164.6,674.6,6.2,26.7,182.4,0.8,1.2,0.0,0.0,0,0.0,0.0
31,Melvin Gordon III,DEN,RB,167.6,737.8,5.6,21.9,142.1,1.0,2.4,0.0,0.0,0,0.0,0.0
32,Zack Moss,BUF,RB,156.4,671.3,5.6,23.7,171.1,1.2,1.2,0.0,0.0,0,0.0,0.0
33,Trey Sermon,SF,RB,150.5,683.1,5.7,19.6,159.5,1.0,1.8,0.0,0.0,0,0.0,0.0
34,Ronald Jones II,TB,RB,165.2,741.6,5.7,16.0,113.7,0.3,1.4,0.0,0.0,0,0.0,0.0
35,James Conner,ARI,RB,146.2,655.9,5.6,23.1,161.2,0.7,1.4,0.0,0.0,0,0.0,0.0
36,Kenyan Drake,LV,RB,131.1,546.5,4.6,39.1,272.4,1.0,1.4,0.0,0.0,0,0.0,0.0
37,Sony Michel,LAR,RB,152.6,667.9,4.9,14.7,124.8,0.7,0.7,0.0,0.0,0,0.0,0.0
38,Michael Carter,NYJ,RB,149.4,624.0,3.7,30.7,236.1,1.1,1.8,0.0,0.0,0,0.0,0.0
39,Jamaal Williams,DET,RB,140.4,576.3,3.5,35.3,241.3,1.3,1.2,0.0,0.0,0,0.0,0.0
40,AJ Dillon,GB,RB,142.9,650.8,4.8,15.2,116.4,0.5,1.4,0.0,0.0,0,0.0,0.0
41,David Johnson,HOU,RB,101.6,418.3,3.5,33.2,296.3,2.0,0.8,0.0,0.0,0,0.0,0.0
42,Tony Pollard,DAL,RB,114.0,509.0,3.3,31.9,234.4,1.4,1.2,0.0,0.0,0,0.0,0.0
43,Devin Singletary,BUF,RB,123.1,547.0,3.0,31.1,218.9,1.3,1.3,0.0,0.0,0,0.0,0.0
44,Tevin Coleman,NYJ,RB,136.0,527.9,3.7,17.8,135.5,0.3,1.2,0.0,0.0,0,0.0,0.0
45,J.D. McKissic,WAS,RB,66.7,288.5,1.6,56.5,410.7,1.8,0.8,0.0,0.0,0,0.0,0.0
46,James White,NE,RB,53.0,217.1,1.8,52.8,426.6,2.4,1.2,0.0,0.0,0,0.0,0.0
47,Phillip Lindsay,HOU,RB,121.0,531.3,3.3,22.5,143.8,0.3,1.2,0.0,0.0,0,0.0,0.0
48,Nyheim Hines,IND,RB,60.3,261.1,1.9,49.9,371.7,2.2,1.2,0.0,0.0,0,0.0,0.0
49,Alexander Mattison,MIN,RB,116.6,524.1,2.8,16.6,135.7,0.7,0.7,0.0,0.0,0,0.0,0.0
50,Malcolm Brown,MIA,RB,114.9,454.4,4.5,17.2,115.7,0.4,0.8,0.0,0.0,0,0.0,0.0
51,Darrynton Evans,TEN,RB,91.5,405.9,3.0,20.3,169.3,1.3,1.2,0.0,0.0,0,0.0,0.0
52,Latavius Murray,NO,RB,104.9,431.5,2.7,19.9,143.4,0.8,1.2,0.0,0.0,0,0.0,0.0
53,Rashaad Penny,SEA,RB,86.6,404.6,3.0,13.7,108.2,0.7,0.7,0.0,0.0,0,0.0,0.0
54,Darrel Williams,KC,RB,79.4,332.7,3.2,20.2,149.2,0.7,0.6,0.0,0.0,0,0.0,0.0
55,Mark Ingram II,HOU,RB,89.1,386.1,2.9,13.8,112.3,0.8,0.7,0.0,0.0,0,0.0,0.0
56,Damien Williams,CHI,RB,74.7,314.2,3.0,20.7,147.9,1.3,0.6,0.0,0.0,0,0.0,0.0
57,Ty'Son Williams,BAL,RB,86.5,377.2,3.1,14.2,104.1,0.6,0.5,0.0,0.0,0,0.0,0.0
58,Justin Jackson,LAC,RB,92.5,422.9,1.9,17.2,122.3,0.4,0.6,0.0,0.0,0,0.0,0.0
59,Qadree Ollison,ATL,RB,97.4,380.6,3.2,10.9,82.3,0.5,0.7,0.0,0.0,0,0.0,0.0
60,Giovani Bernard,TB,RB,55.7,201.8,1.4,37.0,280.8,1.8,0.7,0.0,0.0,0,0.0,0.0
61,Carlos Hyde,JAC,RB,95.2,386.9,2.7,16.8,104.2,0.4,0.8,0.0,0.0,0,0.0,0.0
62,Ty Johnson,NYJ,RB,82.0,354.8,2.3,17.6,119.2,0.7,0.3,0.0,0.0,0,0.0,0.0
63,Rhamondre Stevenson,NE,RB,88.7,377.7,3.2,10.5,80.2,0.4,1.2,0.0,0.0,0,0.0,0.0
64,Tarik Cohen,CHI,RB,48.5,197.8,1.1,41.9,283.1,1.4,1.2,0.0,0.0,0,0.0,0.0
65,Boston Scott,PHI,RB,62.5,265.0,2.0,21.6,170.5,0.7,0.7,0.0,0.0,0,0.0,0.0
66,Trayveon Williams,CIN,RB,68.1,290.6,1.8,18.8,152.7,0.7,3.0,0.0,0.0,0,0.0,0.0
67,Devontae Booker,NYG,RB,78.8,333.4,2.1,11.8,78.3,0.2,0.7,0.0,0.0,0,0.0,0.0
68,Joshua Kelley,LAC,RB,90.5,338.9,2.2,9.3,66.5,0.2,1.2,0.0,0.0,0,0.0,0.0
69,Marlon Mack,IND,RB,68.7,294.6,2.4,8.7,62.1,0.2,0.6,0.0,0.0,0,0.0,0.0
70,Chuba Hubbard,CAR,RB,65.5,276.2,2.1,11.6,93.8,0.4,1.2,0.0,0.0,0,0.0,0.0
71,Jeff Wilson Jr.,SF,RB,56.3,246.4,3.0,5.4,48.9,0.6,1.0,0.0,0.0,0,0.0,0.0
72,Salvon Ahmed,MIA,RB,66.8,280.3,1.8,11.5,77.0,0.4,0.3,0.0,0.0,0,0.0,0.0
73,Cordarrelle Patterson,ATL,RB,44.9,205.3,1.3,17.2,151.8,0.8,0.2,0.0,0.0,0,0.0,0.0
74,Rex Burkhead,HOU,RB,31.9,134.8,1.3,16.7,157.1,1.2,0.6,0.0,0.0,0,0.0,0.0
75,Kyle Juszczyk,SF,RB,13.9,52.6,0.7,21.9,231.2,2.0,0.7,0.0,0.0,0,0.0,0.0
76,Kenneth Gainwell,PHI,RB,52.4,237.8,1.6,11.4,89.4,0.4,1.1,0.0,0.0,0,0.0,0.0
77,DeeJay Dallas,SEA,RB,45.1,179.6,1.4,14.5,107.1,0.8,0.6,0.0,0.0,0,0.0,0.0
78,Jaret Patterson,WAS,RB,54.3,225.9,1.8,6.7,54.4,0.2,0.2,0.0,0.0,0,0.0,0.0
79,Mike Boone,DEN,RB,52.8,253.9,1.8,7.3,48.5,0.1,1.0,0.0,0.0,0,0.0,0.0
80,Peyton Barber,WAS,RB,65.0,228.8,2.5,5.2,32.6,0.1,1.0,0.0,0.0,0,0.0,0.0
81,Samaje Perine,CIN,RB,52.7,222.6,1.5,9.1,61.7,0.2,0.1,0.0,0.0,0,0.0,0.0
82,Justice Hill,BAL,RB,42.5,194.8,1.2,13.7,90.9,0.4,0.1,0.0,0.0,0,0.0,0.0
83,Brandon Bolden,NE,RB,25.2,123.9,2.5,4.3,43.8,0.6,0.0,0.0,0.0,0,0.0,0.0
84,Benny Snell Jr.,PIT,RB,57.0,210.6,1.7,6.7,46.2,0.1,0.6,0.0,0.0,0,0.0,0.0
85,Matt Breida,BUF,RB,45.0,198.8,1.0,10.5,83.4,0.5,1.1,0.0,0.0,0,0.0,0.0
86,Elijah Mitchell,SF,RB,41.0,183.8,1.3,8.6,74.5,0.3,0.1,0.0,0.0,0,0.0,0.0
87,Larry Rountree III,LAC,RB,41.2,173.3,1.6,4.6,34.8,0.2,0.2,0.0,0.0,0,0.0,0.0
88,Tony Jones Jr.,NO,RB,56.0,158.1,1.1,8.7,64.0,0.3,0.2,0.0,0.0,0,0.0,0.0
89,Jake Funk,LAR,RB,28.6,119.0,1.4,9.4,74.9,0.3,0.2,0.0,0.0,0,0.0,0.0
90,Johnny Stanton,CLE,RB,20.0,100.0,1.0,9.0,70.0,1.0,0.0,0.0,0.0,0,0.0,0.0
91,Jalen Richard,LV,RB,23.7,103.6,0.5,13.1,104.4,0.4,0.6,0.0,0.0,0,0.0,0.0
92,J.J. Taylor,NE,RB,29.0,125.0,1.0,6.8,50.4,0.3,0.2,0.0,0.0,0,0.0,0.0
93,Jermar Jefferson,DET,RB,27.8,113.6,0.8,10.7,79.7,0.1,0.1,0.0,0.0,0,0.0,0.0
94,Rico Dowdle,DAL,RB,33.0,136.0,1.0,4.0,34.0,0.0,0.0,0.0,0.0,0,0.0,0.0
95,Anthony McFarland Jr.,PIT,RB,34.3,133.3,0.6,6.8,53.6,0.1,0.6,0.0,0.0,0,0.0,0.0
96,Trevon Wesco,NYJ,RB,0.0,0.0,0.0,20.0,176.7,0.7,0.2,0.0,0.0,0,0.0,0.0
97,Jerick McKinnon,KC,RB,22.8,100.2,0.5,7.5,54.4,0.3,0.1,0.0,0.0,0,0.0,0.0
98,Jeremy McNichols,TEN,RB,27.2,119.6,0.7,4.7,31.5,0.1,0.1,0.0,0.0,0,0.0,0.0
99,Alex Collins,SEA,RB,20.2,84.7,0.8,6.5,48.3,0.3,0.3,0.0,0.0,0,0.0,0.0
100,Chris Evans,CIN,RB,24.5,97.4,0.4,6.6,49.7,0.2,0.2,0.0,0.0,0,0.0,0.0
101,La'Mical Perine,NYJ,RB,26.3,110.9,0.8,2.5,19.0,0.1,0.2,0.0,0.0,0,0.0,0.0
102,Kene Nwangwu,MIN,RB,23.3,94.8,0.4,5.3,40.6,0.2,0.1,0.0,0.0,0,0.0,0.0
103,Kylin Hill,GB,RB,27.2,110.4,0.4,3.7,27.8,0.1,0.1,0.0,0.0,0,0.0,0.0
104,JaMycal Hasty,SF,RB,19.1,95.0,0.5,3.9,28.1,0.1,0.1,0.0,0.0,0,0.0,0.0
105,Dare Ogunbowale,JAC,RB,9.2,39.4,0.3,10.7,83.3,0.4,0.2,0.0,0.0,0,0.0,0.0
106,Demetric Felton,CLE,RB,18.5,89.6,0.7,2.5,21.0,0.0,0.0,0.0,0.0,0,0.0,0.0
107,Ty Montgomery,NO,RB,11.5,41.0,0.0,11.2,84.8,0.1,0.0,0.0,0.0,0,0.0,0.0
108,Ameer Abdullah,MIN,RB,15.8,71.9,0.0,6.0,41.1,0.3,0.0,0.0,0.0,0,0.0,0.0
109,Eno Benjamin,ARI,RB,19.7,84.5,0.5,2.3,18.6,0.0,0.0,0.0,0.0,0,0.0,0.0
110,Patrick Ricard,BAL,RB,2.0,6.2,0.1,10.0,67.7,0.9,0.5,0.0,0.0,0,0.0,0.0
111,Gary Brightwell,NYG,RB,18.4,78.5,0.3,2.6,19.0,0.0,0.1,0.0,0.0,0,0.0,0.0
112,Ke'Shawn Vaughn,TB,RB,15.0,63.9,0.5,2.3,16.5,0.1,0.0,0.0,0.0,0,0.0,0.0
113,Jordan Wilkins,IND,RB,14.4,70.3,0.4,1.7,12.5,0.1,0.0,0.0,0.0,0,0.0,0.0
114,D'Ernest Johnson,CLE,RB,17.9,76.5,0.3,2.3,17.1,0.0,0.1,0.0,0.0,0,0.0,0.0
115,Travis Homer,SEA,RB,14.1,59.5,0.2,3.4,25.1,0.1,0.1,0.0,0.0,0,0.0,0.0
116,Alec Ingold,LV,RB,4.4,18.8,0.2,6.6,54.5,0.3,0.1,0.0,0.0,0,0.0,0.0
117,C.J. Ham,MIN,RB,4.7,19.9,0.2,6.1,51.2,0.3,0.1,0.0,0.0,0,0.0,0.0
118,Kalen Ballage,PIT,RB,11.0,43.5,0.3,3.0,20.5,0.1,0.1,0.0,0.0,0,0.0,0.0
119,Khalil Herbert,CHI,RB,9.7,40.4,0.3,2.8,21.8,0.1,0.1,0.0,0.0,0,0.0,0.0
120,Andrew Beck,DEN,RB,4.9,21.2,0.2,4.3,29.2,0.2,0.0,0.0,0.0,0,0.0,0.0
121,Trenton Cannon,CAR,RB,7.8,32.1,0.2,2.5,19.2,0.1,0.1,0.0,0.0,0,0.0,0.0
122,Darwin Thompson,TB,RB,12.0,45.0,0.0,2.0,17.0,0.0,0.0,0.0,0.0,0,0.0,0.0
123,Keith Smith,ATL,RB,4.3,18.2,0.1,3.3,25.8,0.2,0.1,0.0,0.0,0,0.0,0.0
124,Gabe Nabers,LAC,RB,3.3,14.4,0.1,3.2,25.0,0.2,0.1,0.0,0.0,0,0.0,0.0
125,Andy Janovich,CLE,RB,1.0,4.3,0.0,4.0,33.5,0.2,0.0,0.0,0.0,0,0.0,0.0
126,Derek Watt,PIT,RB,4.3,18.1,0.2,1.2,8.7,0.1,0.0,0.0,0.0,0,0.0,0.0
127,Michael Burton,KC,RB,3.3,14.1,0.1,1.8,14.8,0.1,0.0,0.0,0.0,0,0.0,0.0
128,Nick Bellore,SEA,RB,1.5,6.7,0.0,3.1,22.3,0.2,0.0,0.0,0.0,0,0.0,0.0
129,Taiwan Jones,BUF,RB,4.2,18.0,0.1,0.4,3.5,0.0,0.0,0.0,0.0,0,0.0,0.0
130,Elijhaa Penny,NYG,RB,2.5,10.2,0.1,1.5,10.9,0.0,0.0,0.0,0.0,0,0.0,0.0
131,Khari Blasingame,TEN,RB,0.5,2.1,0.0,2.3,19.3,0.1,0.0,0.0,0.0,0,0.0,0.0
132,Jakob Johnson,NE,RB,0.0,0.0,0.0,2.4,20.2,0.1,0.0,0.0,0.0,0,0.0,0.0
133,Dwayne Washington,NO,RB,2.6,11.0,0.1,0.4,3.4,0.0,0.0,0.0,0.0,0,0.0,0.0
134,Josh Adams,NYJ,RB,1.1,4.6,0.0,0.9,6.0,0.0,0.0,0.0,0.0,0,0.0,0.0
135,Ryan Nall,CHI,RB,0.9,3.9,0.0,0.9,6.2,0.0,0.0,0.0,0.0,0,0.0,0.0
136,LeVante Bellamy,DEN,RB,1.0,4.4,0.0,0.9,5.7,0.0,0.0,0.0,0.0,0,0.0,0.0
137,Artavis Pierce,CHI,RB,0.9,3.9,0.0,0.9,6.2,0.0,0.0,0.0,0.0,0,0.0,0.0
138,Adrian Killins Jr.,DEN,RB,0.9,3.9,0.0,0.9,6.1,0.0,0.0,0.0,0.0,0,0.0,0.0
139,Jason Huntley,PHI,RB,0.9,3.9,0.0,0.9,6.1,0.0,0.0,0.0,0.0,0,0.0,0.0
140,Jason Cabinda,DET,RB,0.8,3.5,0.0,0.9,6.1,0.0,0.0,0.0,0.0,0,0.0,0.0
141,Dontrell Hilliard,HOU,RB,0.8,3.5,0.0,0.8,5.6,0.0,0.0,0.0,0.0,0,0.0,0.0
142,Taquan Mizzell,NYG,RB,0.9,3.7,0.0,0.9,5.4,0.0,0.0,0.0,0.0,0,0.0,0.0
143,Cullen Gillaspia,NYG,RB,0.9,3.7,0.0,0.9,5.2,0.0,0.0,0.0,0.0,0,0.0,0.0
144,Scottie Phillips,HOU,RB,0.8,3.5,0.0,0.8,5.4,0.0,0.0,0.0,0.0,0,0.0,0.0
145,Alfred Morris,NYG,RB,0.9,3.5,0.0,0.9,5.2,0.0,0.0,0.0,0.0,0,0.0,0.0
146,0,0,RB,0.0,0,0.0,0.0,0,0.0,0.0,0.0,0.0,0,0.0,0.0
147,0,0,RB,0.0,0,0.0,0.0,0,0.0,0.0,0.0,0.0,0,0.0,0.0
1,Tyreek Hill,KC,WR,12.9,82.4,0.8,100.2,"1,436.2",12.3,0.7,0.0,0.0,0,0.0,0.0
2,Davante Adams,GB,WR,0.0,0.0,0.0,122.5,"1,462.5",12.8,0.8,0.0,0.0,0,0.0,0.0
3,Stefon Diggs,BUF,WR,2.4,15.6,0.1,113.5,"1,474.5",9.3,1.2,0.0,0.0,0,0.0,0.0
4,Calvin Ridley,ATL,WR,4.6,26.2,0.1,99.3,"1,415.3",8.8,0.8,0.0,0.0,0,0.0,0.0
5,DeAndre Hopkins,ARI,WR,0.9,4.4,0.0,122.1,"1,467.7",7.6,1.5,0.0,0.0,0,0.0,0.0
6,D.K. Metcalf,SEA,WR,0.3,1.3,0.0,86.6,"1,301.3",9.9,1.4,0.0,0.0,0,0.0,0.0
7,Justin Jefferson,MIN,WR,0.4,1.5,0.0,93.5,"1,392.3",7.9,0.8,0.0,0.0,0,0.0,0.0
8,A.J. Brown,TEN,WR,0.5,7.5,0.0,84.5,"1,267.9",9.8,0.9,0.0,0.0,0,0.0,0.0
9,Keenan Allen,LAC,WR,3.0,16.3,0.1,111.2,"1,208.6",7.9,1.0,0.0,0.0,0,0.0,0.0
10,Mike Evans,TB,WR,0.0,0.0,0.0,76.1,"1,113.5",9.4,0.7,0.0,0.0,0,0.0,0.0
11,Terry McLaurin,WAS,WR,1.8,12.1,0.1,91.5,"1,235.7",6.5,0.7,0.0,0.0,0,0.0,0.0
12,Allen Robinson II,CHI,WR,0.3,0.3,0.0,98.3,"1,223.4",6.9,0.7,0.0,0.0,0,0.0,0.0
13,Amari Cooper,DAL,WR,2.6,11.7,0.0,89.8,"1,187.7",7.2,0.7,0.0,0.0,0,0.0,0.0
14,Adam Thielen,MIN,WR,3.2,14.6,0.3,79.6,"1,021.5",9.2,0.7,0.0,0.0,0,0.0,0.0
15,Robert Woods,LAR,WR,17.0,106.5,0.9,97.3,"1,080.4",6.0,0.8,0.0,0.0,0,0.0,0.0
16,CeeDee Lamb,DAL,WR,8.5,61.2,0.6,84.6,"1,099.7",6.6,0.8,0.0,0.0,0,0.0,0.0
17,Tyler Lockett,SEA,WR,1.0,2.7,0.0,93.4,"1,063.1",8.4,0.7,0.0,0.0,0,0.0,0.0
18,Julio Jones,TEN,WR,0.5,-0.5,0.0,77.8,"1,102.8",7.2,0.7,0.0,0.0,0,0.0,0.0
19,D.J. Moore,CAR,WR,3.1,20.1,0.1,82.3,"1,186.1",5.4,0.8,0.0,0.0,0,0.0,0.0
20,Cooper Kupp,LAR,WR,3.9,23.7,0.1,92.8,"1,066.6",7.1,0.7,0.0,0.0,0,0.0,0.0
21,Chris Godwin,TB,WR,0.3,2.0,0.0,82.1,"1,067.3",7.5,0.8,0.0,0.0,0,0.0,0.0
22,Tee Higgins,CIN,WR,2.3,12.4,0.0,79.2,"1,058.3",6.4,0.8,0.0,0.0,0,0.0,0.0
23,Odell Beckham Jr.,CLE,WR,5.6,50.6,0.3,71.1,994.3,6.5,0.7,0.0,0.0,0,0.0,0.0
24,Brandon Aiyuk,SF,WR,14.6,82.4,0.7,73.1,926.3,6.5,0.7,0.0,0.0,0,0.0,0.0
25,Kenny Golladay,NYG,WR,0.0,0.0,0.0,69.9,"1,033.1",6.3,0.7,0.0,0.0,0,0.0,0.0
26,Diontae Johnson,PIT,WR,4.4,27.4,0.1,93.9,981.0,6.6,1.4,0.0,0.0,0,0.0,0.0
27,Ja'Marr Chase,CIN,WR,1.5,8.2,0.0,71.9,"1,041.7",5.8,1.2,0.0,0.0,0,0.0,0.0
28,Chase Claypool,PIT,WR,8.3,44.3,0.6,69.6,892.1,6.8,0.9,0.0,0.0,0,0.0,0.0
29,Courtland Sutton,DEN,WR,1.7,9.4,0.0,70.0,992.9,6.3,0.7,0.0,0.0,0,0.0,0.0
30,Brandin Cooks,HOU,WR,0.8,6.8,0.0,75.3,"1,052.5",5.2,0.7,0.0,0.0,0,0.0,0.0
31,Jerry Jeudy,DEN,WR,0.0,0.0,0.0,73.1,"1,030.8",5.5,0.8,0.0,0.0,0,0.0,0.0
32,Deebo Samuel,SF,WR,13.5,99.3,0.7,70.4,898.6,4.7,0.8,0.0,0.0,0,0.0,0.0
33,Robby Anderson,CAR,WR,2.5,12.3,0.1,80.3,991.3,5.2,0.8,0.0,0.0,0,0.0,0.0
34,JuJu Smith-Schuster,PIT,WR,0.0,0.0,0.0,89.3,901.9,6.7,0.9,0.0,0.0,0,0.0,0.0
35,Michael Gallup,DAL,WR,0.0,0.0,0.0,64.1,941.7,5.9,0.6,0.0,0.0,0,0.0,0.0
36,Tyler Boyd,CIN,WR,2.1,15.7,0.0,84.0,932.0,5.5,0.8,0.0,0.0,0,0.0,0.0
37,D.J. Chark Jr.,JAC,WR,0.3,3.3,0.0,68.8,916.6,5.9,0.6,0.0,0.0,0,0.0,0.0
38,Marvin Jones Jr.,JAC,WR,0.3,0.0,0.0,68.7,876.4,6.3,0.6,0.0,0.0,0,0.0,0.0
39,Marquise Brown,BAL,WR,1.5,8.0,0.0,61.2,824.6,7.0,0.6,0.0,0.0,0,0.0,0.0
40,Laviska Shenault Jr.,JAC,WR,19.7,108.7,0.5,74.5,820.8,4.9,0.7,0.0,0.0,0,0.0,0.0
41,Mike Williams,LAC,WR,0.3,0.5,0.0,56.0,915.1,5.5,0.6,0.0,0.0,0,0.0,0.0
42,Curtis Samuel,WAS,WR,24.6,128.5,1.1,62.3,735.2,4.8,0.7,0.0,0.0,0,0.0,0.0
43,Jarvis Landry,CLE,WR,1.9,9.7,0.3,73.6,885.3,5.0,0.8,0.0,0.0,0,0.0,0.0
44,DeVonta Smith,PHI,WR,1.0,6.2,0.0,63.2,888.3,4.8,1.2,0.0,0.0,0,0.0,0.0
45,Will Fuller V,MIA,WR,0.0,0.0,0.0,66.6,849.1,5.3,0.6,0.0,0.0,0,0.0,0.0
46,DeVante Parker,MIA,WR,0.0,0.0,0.0,65.5,833.0,5.5,0.7,0.0,0.0,0,0.0,0.0
47,Michael Thomas,NO,WR,0.3,-0.8,0.0,71.8,857.0,4.9,0.7,0.0,0.0,0,0.0,0.0
48,Michael Pittman Jr.,IND,WR,3.4,22.7,0.0,63.2,824.7,4.5,0.7,0.0,0.0,0,0.0,0.0
49,Corey Davis,NYJ,WR,0.0,0.0,0.0,68.2,887.1,3.9,0.8,0.0,0.0,0,0.0,0.0
50,Mecole Hardman,KC,WR,6.4,43.8,0.1,52.4,732.1,5.5,1.7,0.0,0.0,0,0.0,0.0
51,Antonio Brown,TB,WR,2.0,11.4,0.0,63.5,711.5,6.0,0.6,0.0,0.0,0,0.0,0.0
52,Henry Ruggs III,LV,WR,10.4,58.3,0.1,51.4,783.6,4.1,1.7,0.0,0.0,0,0.0,0.0
53,Darnell Mooney,CHI,WR,2.7,15.5,0.0,65.5,778.0,4.5,0.7,0.0,0.0,0,0.0,0.0
54,Tyrell Williams,DET,WR,0.0,0.0,0.0,56.0,802.5,4.3,0.7,0.0,0.0,0,0.0,0.0
55,Jaylen Waddle,MIA,WR,1.5,8.6,0.0,57.1,764.6,4.7,1.2,0.0,0.0,0,0.0,0.0
56,T.Y. Hilton,IND,WR,0.0,0.0,0.0,56.1,743.0,5.0,0.6,0.0,0.0,0,0.0,0.0
57,Emmanuel Sanders,BUF,WR,1.1,6.7,0.1,57.1,696.3,5.0,0.6,0.0,0.0,0,0.0,0.0
58,Cole Beasley,BUF,WR,0.0,0.0,0.0,64.0,737.8,4.4,0.6,0.0,0.0,0,0.0,0.0
59,Nelson Agholor,NE,WR,0.3,1.3,0.0,50.6,714.5,4.5,0.7,0.0,0.0,0,0.0,0.0
60,Jalen Reagor,PHI,WR,3.1,17.5,0.1,53.8,722.7,3.8,0.7,0.0,0.0,0,0.0,0.0
61,Russell Gage,ATL,WR,1.3,6.1,0.0,66.3,720.9,4.1,0.6,0.0,0.0,0,0.0,0.0
62,Elijah Moore,NYJ,WR,0.7,4.2,0.0,59.5,719.1,3.7,0.4,0.0,0.0,0,0.0,0.0
63,Breshad Perriman,CHI,WR,1.0,5.8,0.0,48.9,706.3,3.8,0.0,0.0,0.0,0,0.0,0.0
64,Gabriel Davis,BUF,WR,0.3,0.0,0.0,42.7,629.5,5.0,0.1,0.0,0.0,0,0.0,0.0
65,Tre'Quan Smith,NO,WR,0.3,0.5,0.0,42.1,596.1,5.1,0.1,0.0,0.0,0,0.0,0.0
66,Jakobi Meyers,NE,WR,0.7,3.6,0.0,53.4,680.9,3.5,0.5,0.0,0.0,0,0.0,0.0
67,Marquez Callaway,NO,WR,0.0,0.0,0.0,49.8,643.3,4.1,0.4,0.0,0.0,0,0.0,0.0
68,Sterling Shepard,NYG,WR,3.3,26.0,0.3,62.1,636.4,3.5,0.6,0.0,0.0,0,0.0,0.0
69,A.J. Green,ARI,WR,0.0,0.0,0.0,51.7,633.6,4.2,0.7,0.0,0.0,0,0.0,0.0
70,Randall Cobb,GB,WR,1.5,7.6,0.0,50.6,612.6,4.3,0.7,0.0,0.0,0,0.0,0.0
71,Rondale Moore,ARI,WR,1.1,6.1,0.0,54.1,663.7,3.6,1.2,0.0,0.0,0,0.0,0.0
72,Jamison Crowder,NYJ,WR,0.3,3.3,0.0,54.0,605.4,3.7,0.7,0.0,0.0,0,0.0,0.0
73,Terrace Marshall Jr.,CAR,WR,0.5,2.8,0.0,47.6,619.9,3.5,1.2,0.0,0.0,0,0.0,0.0
74,Christian Kirk,ARI,WR,3.9,26.9,0.0,45.1,545.3,3.8,0.6,0.0,0.0,0,0.0,0.0
75,Parris Campbell,IND,WR,4.8,30.1,0.2,46.1,559.2,3.3,0.4,0.0,0.0,0,0.0,0.0
76,DeSean Jackson,LAR,WR,2.8,17.1,0.1,35.5,561.0,3.6,0.6,0.0,0.0,0,0.0,0.0
77,John Brown,LV,WR,0.3,1.3,0.0,43.7,593.5,3.5,1.0,0.0,0.0,0,0.0,0.0
78,Rashod Bateman,BAL,WR,0.8,4.8,0.0,41.1,543.0,4.1,0.6,0.0,0.0,0,0.0,0.0
79,Allen Lazard,GB,WR,1.3,9.7,0.0,40.8,551.3,3.7,0.6,0.0,0.0,0,0.0,0.0
80,Darius Slayton,NYG,WR,0.8,2.6,0.0,41.2,556.5,3.5,0.6,0.0,0.0,0,0.0,0.0
81,Bryan Edwards,LV,WR,0.0,0.0,0.0,41.4,542.3,3.4,0.3,0.0,0.0,0,0.0,0.0
82,Van Jefferson,LAR,WR,1.4,5.8,0.0,40.3,487.2,3.4,0.1,0.0,0.0,0,0.0,0.0
83,Hunter Renfrow,LV,WR,0.0,0.0,0.0,43.4,519.6,3.1,0.6,0.0,0.0,0,0.0,0.0
84,Anthony Miller,HOU,WR,2.2,10.3,0.1,43.8,520.8,2.8,0.8,0.0,0.0,0,0.0,0.0
85,Nico Collins,HOU,WR,0.0,0.0,0.0,38.5,518.4,2.9,0.3,0.0,0.0,0,0.0,0.0
86,Amon-Ra St. Brown,DET,WR,0.0,0.0,0.0,43.0,522.8,2.6,0.3,0.0,0.0,0,0.0,0.0
87,Sammy Watkins,BAL,WR,0.8,7.5,0.0,37.6,462.0,3.5,0.6,0.0,0.0,0,0.0,0.0
88,Chris Conley,HOU,WR,0.0,0.0,0.0,36.5,512.3,2.7,0.7,0.0,0.0,0,0.0,0.0
89,Josh Reynolds,TEN,WR,0.8,4.5,0.0,36.1,469.4,3.1,0.6,0.0,0.0,0,0.0,0.0
90,Marquez Valdes-Scantling,GB,WR,2.5,14.8,0.0,25.7,438.1,3.3,0.6,0.0,0.0,0,0.0,0.0
91,James Washington,PIT,WR,0.0,0.0,0.0,33.3,451.7,2.9,0.6,0.0,0.0,0,0.0,0.0
92,Zach Pascal,IND,WR,0.3,2.0,0.0,30.7,415.3,3.3,0.1,0.0,0.0,0,0.0,0.0
93,Keelan Cole Sr.,NYJ,WR,0.0,0.0,0.0,35.7,460.9,2.7,0.5,0.0,0.0,0,0.0,0.0
94,Demarcus Robinson,KC,WR,0.0,0.0,0.0,35.3,423.3,3.3,0.6,0.0,0.0,0,0.0,0.0
95,Cordarrelle Patterson,ATL,WR,54.0,225.0,2.0,16.0,188.0,1.0,0.0,0.0,0.0,0,0.0,0.0
96,KJ Hamler,DEN,WR,8.9,43.9,0.2,32.6,391.7,2.4,0.6,0.0,0.0,0,0.0,0.0
97,Denzel Mims,NYJ,WR,0.3,0.8,0.0,31.6,449.8,2.0,0.1,0.0,0.0,0,0.0,0.0
98,Jalen Guyton,LAC,WR,2.5,10.6,0.1,27.4,419.3,2.3,0.1,0.0,0.0,0,0.0,0.0
99,Josh Palmer,LAC,WR,0.7,4.0,0.0,30.1,413.4,2.5,0.6,0.0,0.0,0,0.0,0.0
100,Rashard Higgins,CLE,WR,0.0,0.0,0.0,26.5,395.9,2.6,0.6,0.0,0.0,0,0.0,0.0
101,D'Wayne Eskridge,SEA,WR,1.1,5.5,0.0,31.2,353.2,2.6,0.0,0.0,0.0,0,0.0,0.0
102,Tim Patrick,DEN,WR,0.0,0.0,0.0,28.5,375.1,2.5,0.6,0.0,0.0,0,0.0,0.0
103,Olamide Zaccheaus,ATL,WR,0.3,1.4,0.0,26.8,392.2,2.0,0.1,0.0,0.0,0,0.0,0.0
104,Kadarius Toney,NYG,WR,6.5,39.7,0.2,29.4,351.5,1.9,0.3,0.0,0.0,0,0.0,0.0
105,Mohamed Sanu,SF,WR,1.3,5.7,0.0,35.6,371.9,2.2,0.5,0.0,0.0,0,0.0,0.0
106,Tyron Johnson,JAC,WR,1.7,10.0,0.0,21.5,341.6,2.4,0.0,0.0,0.0,0,0.0,0.0
107,Kendrick Bourne,NE,WR,0.0,0.0,0.0,29.3,372.1,2.0,0.2,0.0,0.0,0,0.0,0.0
108,Dyami Brown,WAS,WR,0.0,0.0,0.0,26.3,358.2,2.1,0.2,0.0,0.0,0,0.0,0.0
109,Preston Williams,MIA,WR,0.0,0.0,0.0,23.6,303.2,2.9,0.6,0.0,0.0,0,0.0,0.0
110,Keke Coutee,IND,WR,0.7,3.7,0.3,32.8,392.3,2.1,4.0,0.0,0.0,0,0.0,0.0
111,Deonte Harris,NO,WR,7.3,47.9,0.1,27.0,304.7,1.6,0.2,0.0,0.0,0,0.0,0.0
112,Donovan Peoples-Jones,CLE,WR,0.0,0.0,0.0,23.7,311.8,2.2,0.2,0.0,0.0,0,0.0,0.0
113,Damiere Byrd,CHI,WR,0.3,2.0,0.0,29.5,339.7,1.7,0.6,0.0,0.0,0,0.0,0.0
114,Adam Humphries,WAS,WR,0.0,0.0,0.0,30.3,331.0,1.6,0.1,0.0,0.0,0,0.0,0.0
115,Byron Pringle,KC,WR,0.0,0.0,0.0,22.6,290.2,2.0,0.2,0.0,0.0,0,0.0,0.0
116,Quintez Cephus,DET,WR,0.0,0.0,0.0,23.8,316.9,1.5,0.2,0.0,0.0,0,0.0,0.0
117,Scotty Miller,TB,WR,1.4,7.7,0.1,17.0,244.6,1.8,0.1,0.0,0.0,0,0.0,0.0
118,Auden Tate,CIN,WR,0.0,0.0,0.0,21.4,270.4,1.5,0.1,0.0,0.0,0,0.0,0.0
119,Isaiah McKenzie,BUF,WR,5.7,28.6,0.2,18.9,200.3,1.9,0.1,0.0,0.0,0,0.0,0.0
120,Isaiah Coulter,CHI,WR,1.0,4.0,0.0,18.3,275.6,1.5,1.0,0.0,0.0,0,0.0,0.0
121,Tutu Atwell,LAR,WR,0.0,0.0,0.0,19.2,249.1,1.2,0.1,0.0,0.0,0,0.0,0.0
122,Amari Rodgers,GB,WR,2.0,12.4,0.1,18.0,221.4,1.3,0.1,0.0,0.0,0,0.0,0.0
123,Quez Watkins,PHI,WR,0.0,0.0,0.0,19.8,233.0,1.2,0.1,0.0,0.0,0,0.0,0.0
124,Willie Snead IV,LV,WR,0.0,0.0,0.0,20.2,233.1,1.2,0.2,0.0,0.0,0,0.0,0.0
125,N'Keal Harry,NE,WR,0.9,5.2,0.0,16.2,196.4,1.4,0.1,0.0,0.0,0,0.0,0.0
126,Collin Johnson,NYG,WR,0.0,0.0,0.0,19.7,222.5,1.1,0.0,0.0,0.0,0,0.0,0.0
127,Freddie Swain,SEA,WR,0.0,0.0,0.0,15.2,190.4,1.5,0.1,0.0,0.0,0,0.0,0.0
128,Devin Duvernay,BAL,WR,1.7,11.7,0.0,17.2,190.2,1.3,0.1,0.0,0.0,0,0.0,0.0
129,Kalif Raymond,DET,WR,0.0,0.0,0.0,16.2,228.6,0.8,0.2,0.0,0.0,0,0.0,0.0
130,Marquise Goodwin,CHI,WR,0.0,0.0,0.0,15.7,207.4,1.1,0.1,0.0,0.0,0,0.0,0.0
131,Jamal Agnew,JAC,WR,6.2,33.9,0.2,13.4,154.7,0.8,0.1,0.0,0.0,0,0.0,0.0
132,Ty Montgomery,NO,WR,8.5,39.1,0.1,13.2,138.0,0.9,0.1,0.0,0.0,0,0.0,0.0
133,Dede Westbrook,MIN,WR,0.7,3.6,0.0,14.5,155.5,1.2,0.1,0.0,0.0,0,0.0,0.0
134,Cameron Batson,TEN,WR,2.5,14.9,0.1,10.6,120.7,0.9,0.1,0.0,0.0,0,0.0,0.0
135,Ihmir Smith-Marsette,MIN,WR,0.0,0.0,0.0,10.2,133.3,0.9,0.1,0.0,0.0,0,0.0,0.0
136,Albert Wilson,MIA,WR,4.6,26.1,0.1,10.1,108.6,0.6,0.1,0.0,0.0,0,0.0,0.0
137,Greg Ward,PHI,WR,0.0,0.0,0.0,13.7,136.7,0.7,0.1,0.0,0.0,0,0.0,0.0
138,Christian Blake,ATL,WR,0.0,0.0,0.0,12.4,145.1,0.5,0.1,0.0,0.0,0,0.0,0.0
139,Ray-Ray McCloud,PIT,WR,3.0,19.2,0.1,11.3,113.1,0.7,0.2,0.0,0.0,0,0.0,0.0
140,Trinity Benson,DET,WR,0.0,0.0,0.0,11.0,136.6,0.6,0.1,0.0,0.0,0,0.0,0.0
141,Miles Boykin,BAL,WR,0.8,4.9,0.0,9.1,123.4,0.7,0.1,0.0,0.0,0,0.0,0.0
142,Tavon Austin,JAC,WR,0.0,0.0,0.0,11.2,131.1,0.7,0.1,0.0,0.0,0,0.0,0.0
143,Cedrick Wilson,DAL,WR,0.0,0.0,0.0,9.7,126.7,0.7,0.1,0.0,0.0,0,0.0,0.0
144,Tyler Johnson,TB,WR,0.0,0.0,0.0,8.7,110.2,0.8,0.1,0.0,0.0,0,0.0,0.0
145,Andy Isabella,ARI,WR,0.0,0.0,0.0,9.2,114.8,0.6,0.0,0.0,0.0,0,0.0,0.0
146,Jeff Smith,NYJ,WR,0.0,0.0,0.0,9.6,107.1,0.6,0.0,0.0,0.0,0,0.0,0.0
147,Noah Brown,DAL,WR,0.0,0.0,0.0,8.6,105.9,0.6,0.1,0.0,0.0,0,0.0,0.0
148,Andre Roberts,HOU,WR,0.0,0.0,0.0,8.9,110.6,0.5,0.1,0.0,0.0,0,0.0,0.0
149,Cam Sims,WAS,WR,0.7,3.7,0.0,7.6,102.8,0.5,0.0,0.0,0.0,0,0.0,0.0
150,KeeSean Johnson,ARI,WR,0.0,0.0,0.0,7.8,90.2,0.8,0.0,0.0,0.0,0,0.0,0.0
151,Jalen Hurd,SF,WR,4.7,28.9,0.2,5.6,70.7,0.4,0.1,0.0,0.0,0,0.0,0.0
152,Mike Thomas,CIN,WR,0.0,0.0,0.0,7.5,93.7,0.6,0.1,0.0,0.0,0,0.0,0.0
153,Nick Westbrook-Ikhine,TEN,WR,0.0,0.0,0.0,6.9,90.6,0.6,0.0,0.0,0.0,0,0.0,0.0
154,Anthony Schwartz,CLE,WR,0.0,0.0,0.0,7.1,86.7,0.6,0.0,0.0,0.0,0,0.0,0.0
155,Frank Darby,ATL,WR,0.0,0.0,0.0,7.2,90.5,0.5,0.0,0.0,0.0,0,0.0,0.0
156,Tom Kennedy,DET,WR,0.0,0.0,0.0,7.3,91.1,0.4,0.0,0.0,0.0,0,0.0,0.0
157,Rodney Adams,CHI,WR,0.0,0.0,0.0,6.5,84.0,0.4,0.0,0.0,0.0,0,0.0,0.0
158,DaeSean Hamilton,DEN,WR,0.0,0.0,0.0,7.3,75.2,0.5,0.0,0.0,0.0,0,0.0,0.0
159,Lil'Jordan Humphrey,NO,WR,0.0,0.0,0.0,5.4,71.7,0.4,0.0,0.0,0.0,0,0.0,0.0
160,John Ross,NYG,WR,0.7,3.9,0.0,4.3,56.8,0.5,0.1,0.0,0.0,0,0.0,0.0
161,Trent Sherfield,SF,WR,0.0,0.0,0.0,5.0,66.3,0.4,0.1,0.0,0.0,0,0.0,0.0
162,Diontae Spencer,DEN,WR,2.4,13.6,0.1,4.5,50.5,0.3,0.0,0.0,0.0,0,0.0,0.0
163,Zay Jones,LV,WR,0.0,0.0,0.0,4.9,57.1,0.5,0.0,0.0,0.0,0,0.0,0.0
164,Jakeem Grant Sr.,MIA,WR,2.5,14.3,0.1,4.5,48.8,0.3,0.0,0.0,0.0,0,0.0,0.0
165,Tajae Sharpe,ATL,WR,0.0,0.0,0.0,4.6,58.2,0.4,0.0,0.0,0.0,0,0.0,0.0
166,Shi Smith,CAR,WR,0.0,0.0,0.0,5.1,62.6,0.3,0.0,0.0,0.0,0,0.0,0.0
167,J.J. Arcega-Whiteside,PHI,WR,0.0,0.0,0.0,4.0,58.1,0.3,0.0,0.0,0.0,0,0.0,0.0
168,Antonio Gandy-Golden,WAS,WR,0.0,0.0,0.0,4.2,57.2,0.3,0.0,0.0,0.0,0,0.0,0.0
169,Victor Bolden Jr.,DET,WR,0.0,0.0,0.0,5.3,56.2,0.3,0.0,0.0,0.0,0,0.0,0.0
170,Daurice Fountain,KC,WR,0.0,0.0,0.0,4.1,52.2,0.4,0.0,0.0,0.0,0,0.0,0.0
171,Gunner Olszewski,NE,WR,1.7,9.0,0.1,3.7,46.3,0.2,0.0,0.0,0.0,0,0.0,0.0
172,K.J. Hill Jr.,LAC,WR,0.0,0.0,0.0,4.4,52.5,0.3,0.1,0.0,0.0,0,0.0,0.0
173,Jaelon Darden,TB,WR,0.0,0.0,0.0,4.2,47.9,0.3,0.0,0.0,0.0,0,0.0,0.0
174,Tylan Wallace,BAL,WR,0.0,0.0,0.0,3.5,45.6,0.3,0.0,0.0,0.0,0,0.0,0.0
175,Marquez Stevenson,BUF,WR,0.0,0.0,0.0,3.7,46.6,0.3,0.0,0.0,0.0,0,0.0,0.0
176,Chester Rogers,TEN,WR,0.0,0.0,0.0,3.9,38.0,0.3,0.0,0.0,0.0,0,0.0,0.0
177,Trent Taylor,CIN,WR,0.0,0.0,0.0,3.9,39.7,0.2,0.0,0.0,0.0,0,0.0,0.0
178,Mike Strachan,IND,WR,0.0,0.0,0.0,2.9,37.4,0.2,0.0,0.0,0.0,0,0.0,0.0
179,Marcus Johnson,TEN,WR,0.0,0.0,0.0,2.5,32.9,0.2,0.0,0.0,0.0,0,0.0,0.0
180,Malik Taylor,GB,WR,0.0,0.0,0.0,2.4,30.5,0.3,0.0,0.0,0.0,0,0.0,0.0
181,Braxton Berrios,NYJ,WR,1.0,5.8,0.0,2.4,28.1,0.1,0.0,0.0,0.0,0,0.0,0.0
182,K.J. Osborn,MIN,WR,0.0,0.0,0.0,2.3,29.5,0.2,0.0,0.0,0.0,0,0.0,0.0
183,Stanley Morgan Jr.,CIN,WR,0.0,0.0,0.0,2.3,27.0,0.1,0.0,0.0,0.0,0,0.0,0.0
184,Isaac Whitney,ARI,WR,0.0,0.0,0.0,2.1,24.1,0.2,0.0,0.0,0.0,0,0.0,0.0
185,Simi Fehoko,DAL,WR,0.0,0.0,0.0,2.0,25.2,0.2,0.0,0.0,0.0,0,0.0,0.0
186,Terry Godwin,JAC,WR,0.0,0.0,0.0,2.0,22.5,0.2,0.0,0.0,0.0,0,0.0,0.0
187,Ben Skowronek,LAR,WR,0.0,0.0,0.0,1.9,24.5,0.1,0.0,0.0,0.0,0,0.0,0.0
188,Dezmon Patmon,IND,WR,0.0,0.0,0.0,1.8,22.9,0.1,0.0,0.0,0.0,0,0.0,0.0
189,Allen Hurns,MIA,WR,0.0,0.0,0.0,1.6,16.7,0.2,0.0,0.0,0.0,0,0.0,0.0
190,Racey McMath,TEN,WR,0.0,0.0,0.0,1.5,19.3,0.1,0.0,0.0,0.0,0,0.0,0.0
191,Juwan Johnson,NO,WR,0.0,0.0,0.0,1.7,21.4,0.1,0.0,0.0,0.0,0,0.0,0.0
192,Equanimeous St. Brown,GB,WR,0.0,0.0,0.0,1.3,17.1,0.2,0.0,0.0,0.0,0,0.0,0.0
193,Malik Turner,DAL,WR,0.0,0.0,0.0,1.5,19.0,0.1,0.0,0.0,0.0,0,0.0,0.0
194,Malcolm Perry,NE,WR,1.8,9.4,0.1,0.9,9.1,0.0,0.0,0.0,0.0,0,0.0,0.0
195,DeAndre Carter,WAS,WR,0.0,0.0,0.0,1.5,17.6,0.1,0.0,0.0,0.0,0,0.0,0.0
196,Kendall Hinton,DEN,WR,1.2,6.4,0.0,1.1,12.1,0.0,0.0,0.0,0.0,0,0.0,0.0
197,Brandon Zylstra,CAR,WR,0.0,0.0,0.0,1.2,15.2,0.1,0.0,0.0,0.0,0,0.0,0.0
198,Isaiah Ford,MIA,WR,0.0,0.0,0.0,1.6,15.0,0.1,0.0,0.0,0.0,0,0.0,0.0
199,Matt Cole,NYG,WR,0.9,4.3,0.0,0.9,9.5,0.0,0.0,0.0,0.0,0,0.0,0.0
200,Kelvin Harmon,WAS,WR,0.0,0.0,0.0,0.8,10.6,0.0,0.0,0.0,0.0,0,0.0,0.0
201,Nsimba Webster,CHI,WR,0.0,0.0,0.0,0.9,9.5,0.0,0.0,0.0,0.0,0,0.0,0.0
202,Josh Malone,NYJ,WR,0.0,0.0,0.0,0.9,9.4,0.0,0.0,0.0,0.0,0,0.0,0.0
203,Jake Lampman,NO,WR,0.0,0.0,0.0,0.7,9.4,0.0,0.0,0.0,0.0,0,0.0,0.0
204,Jeff Badet,ATL,WR,0.0,0.0,0.0,0.9,9.3,0.0,0.0,0.0,0.0,0,0.0,0.0
205,Chad Hansen,DET,WR,0.0,0.0,0.0,0.9,9.2,0.0,0.0,0.0,0.0,0,0.0,0.0
206,Trenton Irwin,CIN,WR,0.0,0.0,0.0,0.8,9.2,0.0,0.0,0.0,0.0,0,0.0,0.0
207,Marcell Ateman,LV,WR,0.0,0.0,0.0,0.7,9.1,0.0,0.0,0.0,0.0,0,0.0,0.0
208,Cyril Grayson Jr.,TB,WR,0.0,0.0,0.0,0.9,9.0,0.0,0.0,0.0,0.0,0,0.0,0.0
209,John Ursua,SEA,WR,0.0,0.0,0.0,0.8,9.0,0.0,0.0,0.0,0.0,0,0.0,0.0
210,Darvin Kidsy,SEA,WR,0.0,0.0,0.0,0.8,9.0,0.0,0.0,0.0,0.0,0,0.0,0.0
211,KhaDarel Hodge,DET,WR,0.0,0.0,0.0,0.7,8.8,0.0,0.0,0.0,0.0,0,0.0,0.0
212,Dan Chisena,MIN,WR,0.0,0.0,0.0,0.7,8.7,0.0,0.0,0.0,0.0,0,0.0,0.0
213,Derrick Willies,CLE,WR,0.0,0.0,0.0,0.7,8.6,0.0,0.0,0.0,0.0,0,0.0,0.0
214,Alexander Hollins,CLE,WR,0.0,0.0,0.0,0.7,8.5,0.0,0.0,0.0,0.0,0,0.0,0.0
215,Dante Pettis,NYG,WR,0.0,0.0,0.0,0.7,8.4,0.0,0.0,0.0,0.0,0,0.0,0.0
216,JoJo Natson,CLE,WR,0.0,0.0,0.0,0.7,8.3,0.0,0.0,0.0,0.0,0,0.0,0.0
217,Ashton Dulin,IND,WR,0.0,0.0,0.0,0.7,8.3,0.0,0.0,0.0,0.0,0,0.0,0.0
218,Justin Hardy,CHI,WR,0.0,0.0,0.0,0.7,8.0,0.0,0.0,0.0,0.0,0,0.0,0.0
219,Mack Hollins,MIA,WR,0.0,0.0,0.0,0.8,8.0,0.0,0.0,0.0,0.0,0,0.0,0.0
220,Tyrie Cleveland,DEN,WR,0.0,0.0,0.0,0.7,8.0,0.0,0.0,0.0,0.0,0,0.0,0.0
221,Kevin White,NO,WR,0.0,0.0,0.0,0.7,8.0,0.0,0.0,0.0,0.0,0,0.0,0.0
222,Cody Hollister,TEN,WR,0.0,0.0,0.0,0.7,8.0,0.0,0.0,0.0,0.0,0,0.0,0.0
223,C.J. Board,NYG,WR,0.0,0.0,0.0,0.7,7.7,0.0,0.0,0.0,0.0,0,0.0,0.0
224,Jordan Matthews,SF,WR,0.0,0.0,0.0,0.7,7.6,0.0,0.0,0.0,0.0,0,0.0,0.0
225,Ryan Switzer,CLE,WR,0.0,0.0,0.0,0.8,7.1,0.0,0.0,0.0,0.0,0,0.0,0.0
226,0,0,WR,0.0,0,0.0,0.0,0,0.0,0.0,0.0,0.0,0,0.0,0.0
227,0,0,WR,0.0,0,0.0,0.0,0,0.0,0.0,0.0,0.0,0,0.0,0.0
1,Josh Allen,BUF,QB,110.7,519.5,7.6,0.0,0,0.0,5.1,605.6,400.6,"4,582.9",34.1,13.3
2,Patrick Mahomes II,KC,QB,55.5,267.9,3.0,0.0,0,0.0,2.5,629.6,418.0,"5,018.8",38.8,8.9
3,Kyler Murray,ARI,QB,126.5,701.9,7.7,0.0,0,0.0,3.7,591.0,391.4,"4,217.8",26.7,12.9
4,Lamar Jackson,BAL,QB,161.3,966.2,7.2,0.0,0,0.0,4.5,456.6,292.4,"3,332.9",28.3,11.7
5,Dak Prescott,DAL,QB,63.5,296.3,4.1,0.0,0,0.0,4.2,622.5,416.0,"4,847.9",31.1,11.1
6,Russell Wilson,SEA,QB,81.9,441.3,2.1,0.0,0,0.0,3.5,575.0,383.4,"4,282.3",34.7,12.3
7,Justin Herbert,LAC,QB,61.3,273.0,4.6,0.0,0,0.0,2.6,614.5,398.8,"4,566.6",30.5,11.9
8,Aaron Rodgers,GB,QB,39.9,168.4,1.9,0.0,0,0.0,3.1,572.0,385.1,"4,440.7",36.6,7.2
9,Tom Brady,TB,QB,24.5,31.8,2.1,0.0,0,0.0,2.2,621.2,404.7,"4,702.1",37.2,11.9
10,Jalen Hurts,PHI,QB,138.7,715.9,6.0,0.0,0,0.0,4.7,528.2,322.6,"3,655.7",22.1,13.9
11,Ryan Tannehill,TEN,QB,51.9,229.7,3.4,0.0,0,0.0,2.9,527.8,348.4,"4,108.3",30.0,10.5
12,Joe Burrow,CIN,QB,54.1,227.2,3.0,0.0,0,0.0,4.2,612.2,399.9,"4,313.1",26.2,11.5
13,Matthew Stafford,LAR,QB,31.8,120.7,0.7,0.0,0,0.0,3.2,612.1,405.1,"4,563.3",28.4,11.5
14,Trevor Lawrence,JAC,QB,68.9,321.0,2.3,0.0,0,0.0,3.2,592.9,380.1,"4,174.7",24.9,13.1
15,Matt Ryan,ATL,QB,33.1,118.2,1.4,0.0,0,0.0,4.3,613.4,401.1,"4,516.2",27.3,12.8
16,Kirk Cousins,MIN,QB,35.3,114.2,1.1,0.0,0,0.0,4.1,541.6,363.9,"4,272.3",30.0,13.0
17,Tua Tagovailoa,MIA,QB,56.7,214.9,2.8,0.0,0,0.0,1.8,580.3,378.1,"3,990.6",26.1,13.6
18,Ryan Fitzpatrick,WAS,QB,51.6,253.9,3.1,0.0,0,0.0,2.3,587.4,389.6,"4,160.7",23.9,16.6
19,Baker Mayfield,CLE,QB,44.2,168.4,1.8,0.0,0,0.0,3.4,543.4,346.6,"3,992.2",28.0,11.5
20,Derek Carr,LV,QB,30.4,106.6,1.8,0.0,0,0.0,5.2,563.8,373.8,"4,298.6",26.4,11.1
21,Ben Roethlisberger,PIT,QB,20.9,45.2,0.5,0.0,0,0.0,2.2,616.5,399.7,"4,167.6",29.5,14.0
22,Daniel Jones,NYG,QB,70.4,403.6,2.6,0.0,0,0.0,5.5,547.1,342.7,"3,755.4",22.1,13.6
23,Zach Wilson,NYJ,QB,67.0,303.5,2.5,0.0,0,0.0,3.0,554.7,351.5,"3,949.1",21.9,14.9
24,Sam Darnold,CAR,QB,50.3,220.3,3.3,0.0,0,0.0,3.9,556.5,351.3,"3,929.8",22.3,14.7
25,Carson Wentz,IND,QB,58.3,254.5,2.8,0.0,0,0.0,5.9,535.7,335.1,"3,684.4",24.7,12.9
26,Jameis Winston,NO,QB,44.9,192.2,1.2,0.0,0,0.0,4.2,523.1,337.3,"3,845.9",26.0,16.7
27,Mac Jones,NE,QB,41.0,151.2,2.2,0.0,0,0.0,2.6,548.1,349.7,"3,903.8",23.3,13.9
28,Jared Goff,DET,QB,39.9,89.1,1.7,0.0,0,0.0,4.2,579.6,371.0,"4,140.8",22.2,14.9
29,Trey Lance,SF,QB,78.7,406.6,3.3,0.0,0,0.0,2.6,411.9,257.3,"3,065.1",19.4,11.1
30,Teddy Bridgewater,DEN,QB,49.0,208.0,2.5,0.0,0,0.0,2.3,474.2,306.2,"3,495.7",21.1,13.3
31,Justin Fields,CHI,QB,81.9,393.7,3.0,0.0,0,0.0,3.5,460.7,291.3,"3,138.4",19.0,11.6
32,Tyrod Taylor,HOU,QB,48.0,214.3,2.0,0.0,0,0.0,1.7,438.5,272.7,"3,113.2",17.0,9.2
33,Davis Mills,HOU,QB,13.1,56.1,0.6,0.0,0,0.0,1.4,194.8,120.7,"1,394.6",6.7,5.3
34,Jimmy Garoppolo,SF,QB,12.1,28.4,0.4,0.0,0,0.0,1.2,155.7,105.6,"1,232.4",7.1,4.0
35,Taysom Hill,NO,QB,56.5,306.4,3.7,0.0,0,0.0,3.0,62.6,42.3,443.8,2.5,1.1
36,Deshaun Watson,HOU,QB,14.3,66.7,0.3,0.0,0,0.0,1.0,120.7,80.0,940.3,5.3,3.0
37,Andy Dalton,CHI,QB,12.5,41.6,0.3,0.0,0,0.0,0.3,137.9,88.5,932.6,5.9,3.8
38,Drew Lock,DEN,QB,8.7,34.4,0.1,0.0,0,0.0,0.6,85.6,51.2,591.1,3.7,2.3
39,Mike White,NYJ,QB,1.9,8.3,0.1,0.0,0,0.0,0.3,47.3,28.9,327.7,1.7,1.3
40,Jacob Eason,IND,QB,2.6,12.6,0.0,0.0,0,0.0,0.2,45.7,27.4,311.7,1.6,1.4
41,Kyle Trask,TB,QB,1.3,5.0,0.0,0.0,0,0.0,0.2,34.5,21.3,246.5,1.9,0.7
42,Taylor Heinicke,WAS,QB,5.7,23.0,0.1,0.0,0,0.0,0.2,37.1,23.7,258.5,1.3,1.4
43,Mason Rudolph,PIT,QB,2.8,9.4,0.1,0.0,0,0.0,0.2,35.5,22.0,242.6,1.4,0.9
44,Phillip Walker,CAR,QB,2.5,5.5,0.0,0.0,0,0.0,0.3,35.7,22.8,258.1,1.0,1.0
45,Jacoby Brissett,MIA,QB,3.6,11.6,0.1,0.0,0,0.0,0.2,28.4,17.8,202.9,1.0,0.5
46,Tim Boyle,DET,QB,2.0,3.5,0.0,0.0,0,0.0,0.0,33.5,20.5,228.0,1.0,0.5
47,Marcus Mariota,LV,QB,4.5,24.0,0.1,0.0,0,0.0,0.1,21.1,13.1,151.3,0.8,0.7
48,Kellen Mond,MIN,QB,1.7,7.7,0.1,0.0,0,0.0,0.1,20.9,13.2,152.0,1.1,0.4
49,Tyler Huntley,BAL,QB,4.0,19.5,0.1,0.0,0,0.0,0.1,18.4,11.1,125.4,1.0,0.4
50,Feleipe Franks,ATL,QB,1.1,4.1,0.0,0.0,0,0.0,0.1,25.2,15.6,175.2,1.1,1.0
51,Gardner Minshew II,PHI,QB,4.2,20.8,0.1,0.0,0,0.0,0.7,22.7,14.6,152.7,1.0,0.6
52,Mitchell Trubisky,BUF,QB,3.6,15.3,0.1,0.0,0,0.0,0.1,18.3,12.0,135.0,0.9,0.7
53,Chad Henne,KC,QB,1.3,5.8,0.0,0.0,0,0.0,0.1,21.2,13.2,151.4,0.7,0.2
54,John Wolford,LAR,QB,1.8,9.1,0.0,0.0,0,0.0,0.1,21.9,13.7,150.8,0.6,0.4
55,Ian Book,NO,QB,1.0,4.0,0.0,0.0,0,0.0,0.0,18.0,12.0,121.0,1.0,1.0
56,Geno Smith,SEA,QB,1.3,2.5,0.0,0.0,0,0.0,0.2,17.7,11.3,124.1,0.9,0.3
57,Brandon Allen,CIN,QB,1.3,5.1,0.0,0.0,0,0.0,0.1,20.9,13.2,143.2,0.6,0.5
58,David Blough,DET,QB,1.7,6.7,0.0,0.0,0,0.0,0.1,18.7,11.4,127.7,0.7,0.6
59,Jordan Love,GB,QB,0.7,3.1,0.0,0.0,0,0.0,0.1,15.5,9.6,107.4,0.9,0.3
60,Cooper Rush,DAL,QB,0.7,2.4,0.0,0.0,0,0.0,0.1,17.6,10.5,116.6,0.8,0.3
61,Chase Daniel,LAC,QB,1.5,5.8,0.0,0.0,0,0.0,0.1,18.2,11.3,130.3,0.6,0.5
62,C.J. Beathard,JAC,QB,1.6,6.8,0.0,0.0,0,0.0,0.6,18.7,11.3,125.3,0.7,0.2
63,Chris Streveler,ARI,QB,1.6,6.7,0.1,0.0,0,0.0,0.2,15.9,9.4,105.5,0.6,0.5
64,Joe Flacco,PHI,QB,1.0,5.7,0.0,0.0,0,0.0,1.0,21.7,14.0,150.7,0.7,0.7
65,Matt Barkley,TEN,QB,0.4,1.4,0.0,0.0,0,0.0,0.2,13.3,8.4,97.9,0.7,0.3
66,Blaine Gabbert,TB,QB,1.3,5.3,0.0,0.0,0,0.0,0.0,16.0,9.7,110.7,0.3,0.0
67,Mike Glennon,NYG,QB,1.2,5.6,0.0,0.0,0,0.0,0.6,18.7,11.7,125.4,0.6,0.4
68,Josh Rosen,ATL,QB,2.0,7.5,0.0,0.0,0,0.0,0.0,13.5,8.5,91.0,0.5,0.5
69,Colt McCoy,ARI,QB,1.5,8.0,0.0,0.0,0,0.0,0.0,12.0,8.0,84.5,0.5,0.5
70,Dwayne Haskins,PIT,QB,1.5,5.0,0.0,0.0,0,0.0,0.0,13.5,8.5,83.5,0.5,0.5
71,Case Keenum,CLE,QB,0.9,3.7,0.0,0.0,0,0.0,0.6,13.3,8.3,94.3,0.6,0.4
72,Logan Woodside,TEN,QB,2.5,7.0,0.0,0.0,0,0.0,0.0,6.0,4.0,44.5,0.5,0.0
73,Trace McSorley,BAL,QB,1.0,2.0,0.0,0.0,0,0.0,0.0,16.0,10.0,117.0,0.0,1.0
74,Nathan Peterman,LV,QB,0.0,0.0,0.0,0.0,0,0.0,0.0,0.0,0.0,0.0,0.0,0.0
75,Ben DiNucci,DAL,QB,0.0,0.0,0.0,0.0,0,0.0,0.0,0.0,0.0,0.0,0.0,0.0
76,Joshua Dobbs,PIT,QB,0.0,0.0,0.0,0.0,0,0.0,0.0,0.0,0.0,0.0,0.0,0.0
77,Nick Mullens,CLE,QB,0.0,0.0,0.0,0.0,0,0.0,0.0,0.0,0.0,0.0,0.0,0.0
78,Kyle Allen,WAS,QB,0.0,0.0,0.0,0.0,0,0.0,0.0,0.0,0.0,0.0,0.0,0.0
79,Nick Foles,CHI,QB,0.0,0.0,0.0,0.0,0,0.0,0.0,0.0,0.0,0.0,0.0,0.0
80,Ryan Griffin,TB,QB,0.0,0.0,0.0,0.0,0,0.0,0.0,0.0,0.0,0.0,0.0,0.0
81,Easton Stick,LAC,QB,0.0,0.0,0.0,0.0,0,0.0,0.0,0.0,0.0,0.0,0.0,0.0
82,Jarrett Stidham,NE,QB,0.0,0.0,0.0,0.0,0,0.0,0.0,0.0,0.0,0.0,0.0,0.0
83,Jake Luton,SEA,QB,0.0,0.0,0.0,0.0,0,0.0,0.0,0.0,0.0,0.0,0.0,0.0
84,0,0,QB,0.0,0,0.0,0.0,0,0.0,0.0,0.0,0.0,0,0.0,0.0
85,0,0,QB,0.0,0,0.0,0.0,0,0.0,0.0,0.0,0.0,0,0.0,0.0
1,Travis Kelce,KC,TE,0.0,0,0.0,112.4,"1,399.8",10.3,0.8,0.0,0.0,0,0.0,0.0
2,George Kittle,SF,TE,0.0,0,0.0,96.7,"1,210.5",6.5,0.7,0.0,0.0,0,0.0,0.0
3,Darren Waller,LV,TE,0.0,0,0.0,99.8,"1,141.0",7.1,0.9,0.0,0.0,0,0.0,0.0
4,Mark Andrews,BAL,TE,0.0,0,0.0,71.2,860.9,8.3,0.9,0.0,0.0,0,0.0,0.0
5,Kyle Pitts,ATL,TE,0.0,0,0.0,70.0,845.2,6.5,1.2,0.0,0.0,0,0.0,0.0
6,T.J. Hockenson,DET,TE,0.0,0,0.0,75.4,841.4,5.3,0.8,0.0,0.0,0,0.0,0.0
7,Tyler Higbee,LAR,TE,0.0,0,0.0,61.3,683.2,5.4,0.6,0.0,0.0,0,0.0,0.0
8,Robert Tonyan,GB,TE,0.0,0,0.0,54.6,597.8,6.4,0.1,0.0,0.0,0,0.0,0.0
9,Logan Thomas,WAS,TE,0.0,0,0.0,64.9,669.2,5.3,0.6,0.0,0.0,0,0.0,0.0
10,Noah Fant,DEN,TE,0.0,0,0.0,63.5,703.3,4.4,0.7,0.0,0.0,0,0.0,0.0
11,Dallas Goedert,PHI,TE,0.0,0,0.0,61.7,679.4,4.7,0.7,0.0,0.0,0,0.0,0.0
12,Mike Gesicki,MIA,TE,0.0,0,0.0,54.9,612.0,5.3,0.7,0.0,0.0,0,0.0,0.0
13,Jared Cook,LAC,TE,0.0,0,0.0,46.1,577.7,5.1,0.6,0.0,0.0,0,0.0,0.0
14,Jonnu Smith,NE,TE,0.0,0,0.0,56.4,588.6,5.0,0.7,0.0,0.0,0,0.0,0.0
15,Rob Gronkowski,TB,TE,0.0,0,0.0,40.6,528.8,5.6,0.2,0.0,0.0,0,0.0,0.0
16,Blake Jarwin,DAL,TE,0.0,0,0.0,51.0,574.5,4.2,0.7,0.0,0.0,0,0.0,0.0
17,Hunter Henry,NE,TE,0.0,0,0.0,52.8,571.5,4.1,0.6,0.0,0.0,0,0.0,0.0
18,Evan Engram,NYG,TE,0.0,0,0.0,57.6,584.3,3.6,0.7,0.0,0.0,0,0.0,0.0
19,Eric Ebron,PIT,TE,0.0,0,0.0,54.3,535.2,4.4,0.7,0.0,0.0,0,0.0,0.0
20,Anthony Firkser,TEN,TE,0.0,0,0.0,49.1,526.6,4.0,0.1,0.0,0.0,0,0.0,0.0
21,Austin Hooper,CLE,TE,0.0,0,0.0,50.3,503.7,4.5,0.6,0.0,0.0,0,0.0,0.0
22,Zach Ertz,PHI,TE,0.0,0,0.0,50.3,511.3,3.5,0.6,0.0,0.0,0,0.0,0.0
23,Gerald Everett,SEA,TE,0.0,0,0.0,45.2,465.3,4.3,0.7,0.0,0.0,0,0.0,0.0
24,Cole Kmet,CHI,TE,0.0,0,0.0,49.4,490.4,3.8,1.2,0.0,0.0,0,0.0,0.0
25,Jordan Akins,HOU,TE,0.0,0,0.0,44.6,467.2,2.9,0.1,0.0,0.0,0,0.0,0.0
26,Dawson Knox,BUF,TE,0.0,0,0.0,35.9,411.6,3.8,0.7,0.0,0.0,0,0.0,0.0
27,Adam Trautman,NO,TE,0.0,0,0.0,39.2,435.6,3.4,0.6,0.0,0.0,0,0.0,0.0
28,Hayden Hurst,ATL,TE,0.0,0,0.0,38.6,406.3,3.0,0.1,0.0,0.0,0,0.0,0.0
29,C.J. Uzomah,CIN,TE,0.0,0,0.0,36.8,357.6,3.2,0.1,0.0,0.0,0,0.0,0.0
30,Ryan Izzo,NYG,TE,0.0,0,0.0,25.0,417.0,2.0,1.0,0.0,0.0,0,0.0,0.0
31,Jack Doyle,IND,TE,0.0,0,0.0,31.3,324.1,3.0,0.1,0.0,0.0,0,0.0,0.0
32,Donald Parham Jr.,LAC,TE,0.0,0,0.0,28.0,340.2,2.5,0.1,0.0,0.0,0,0.0,0.0
33,O.J. Howard,TB,TE,0.0,0,0.0,26.7,338.8,2.5,0.7,0.0,0.0,0,0.0,0.0
34,Dan Arnold,CAR,TE,0.0,0,0.0,27.7,346.8,2.3,0.7,0.0,0.0,0,0.0,0.0
35,Mo Alie-Cox,IND,TE,0.0,0,0.0,29.7,325.6,2.5,0.6,0.0,0.0,0,0.0,0.0
36,Will Dissly,SEA,TE,0.0,0,0.0,27.7,289.9,2.7,0.1,0.0,0.0,0,0.0,0.0
37,Juwan Johnson,NO,TE,0.0,0,0.0,29.1,315.9,2.0,0.2,0.0,0.0,0,0.0,0.0
38,Jimmy Graham,CHI,TE,0.0,0,0.0,24.0,250.2,2.7,0.1,0.0,0.0,0,0.0,0.0
39,Tyler Conklin,MIN,TE,0.0,0,0.0,26.5,279.7,2.1,0.1,0.0,0.0,0,0.0,0.0
40,Stephen Carlson,CLE,TE,0.0,0,0.0,20.0,218.0,3.0,0.0,0.0,0.0,0,0.0,0.0
41,David Njoku,CLE,TE,0.0,0,0.0,22.8,245.9,2.5,0.0,0.0,0.0,0,0.0,0.0
42,Dalton Schultz,DAL,TE,0.0,0,0.0,23.4,243.4,2.0,0.1,0.0,0.0,0,0.0,0.0
43,Maxx Williams,ARI,TE,0.0,0,0.0,21.4,237.0,2.0,0.1,0.0,0.0,0,0.0,0.0
44,Chris Herndon IV,MIN,TE,0.0,0,0.0,25.5,254.8,2.0,1.6,0.0,0.0,0,0.0,0.0
45,Nick Boyle,BAL,TE,0.0,0,0.0,23.0,213.4,2.1,0.0,0.0,0.0,0,0.0,0.0
46,Geoff Swaim,TEN,TE,0.0,0,0.0,24.0,223.4,1.9,0.1,0.0,0.0,0,0.0,0.0
47,Kyle Rudolph,NYG,TE,0.0,0,0.0,23.1,212.8,1.7,0.1,0.0,0.0,0,0.0,0.0
48,Drew Sample,CIN,TE,0.0,0,0.0,24.6,232.1,1.4,0.6,0.0,0.0,0,0.0,0.0
49,James O'Shaughnessy,JAC,TE,0.0,0,0.0,24.3,240.2,1.1,0.1,0.0,0.0,0,0.0,0.0
50,Darren Fells,DET,TE,0.0,0,0.0,19.0,197.5,1.7,0.0,0.0,0.0,0,0.0,0.0
51,Cameron Brate,TB,TE,0.0,0,0.0,20.4,190.8,1.8,0.0,0.0,0.0,0,0.0,0.0
52,Tyler Kroft,NYJ,TE,0.0,0,0.0,16.8,173.8,2.0,0.1,0.0,0.0,0,0.0,0.0
53,Harrison Bryant,CLE,TE,0.0,0,0.0,18.4,198.9,1.8,1.1,0.0,0.0,0,0.0,0.0
54,Foster Moreau,LV,TE,0.0,0,0.0,13.8,151.7,2.1,0.1,0.0,0.0,0,0.0,0.0
55,Pat Freiermuth,PIT,TE,0.0,0,0.0,21.9,202.3,1.4,0.6,0.0,0.0,0,0.0,0.0
56,Brevin Jordan,HOU,TE,0.0,0,0.0,18.5,187.7,1.5,0.6,0.0,0.0,0,0.0,0.0
57,Pharaoh Brown,HOU,TE,0.0,0,0.0,17.2,179.7,1.4,0.0,0.0,0.0,0,0.0,0.0
58,Hunter Long,MIA,TE,0.0,0,0.0,18.6,176.0,1.3,0.5,0.0,0.0,0,0.0,0.0
59,Albert Okwuegbunam,DEN,TE,0.0,0,0.0,15.6,162.8,1.3,0.1,0.0,0.0,0,0.0,0.0
60,Adam Shaheen,MIA,TE,0.0,0,0.0,15.0,153.3,1.7,1.0,0.0,0.0,0,0.0,0.0
61,Chris Manhertz,JAC,TE,0.0,0,0.0,16.5,164.0,1.0,0.0,0.0,0.0,0,0.0,0.0
62,Ian Thomas,CAR,TE,0.0,0,0.0,17.0,151.2,1.2,0.0,0.0,0.0,0,0.0,0.0
63,Marcedes Lewis,GB,TE,0.0,0,0.0,11.5,121.0,1.4,0.0,0.0,0.0,0,0.0,0.0
64,Noah Gray,KC,TE,0.0,0,0.0,14.4,146.7,1.1,0.5,0.0,0.0,0,0.0,0.0
65,Reggie Gilliam,BUF,TE,0.0,0,0.0,11.0,77.0,2.0,0.0,0.0,0.0,0,0.0,0.0
66,Jacob Harris,LAR,TE,0.0,0,0.0,10.6,136.6,0.8,0.0,0.0,0.0,0,0.0,0.0
67,Thaddeus Moss,CIN,TE,0.0,0,0.0,13.0,121.0,1.0,0.0,0.0,0.0,0,0.0,0.0
68,Darrell Daniels,ARI,TE,0.0,0,0.0,11.4,122.3,0.9,0.1,0.0,0.0,0,0.0,0.0
69,Devin Asiasi,NE,TE,0.0,0,0.0,10.5,117.9,1.1,0.5,0.0,0.0,0,0.0,0.0
70,Luke Farrell,JAC,TE,0.0,0,0.0,14.8,139.8,0.7,0.5,0.0,0.0,0,0.0,0.0
71,Hunter Bryant,DET,TE,0.0,0,0.0,10.3,122.6,0.8,0.0,0.0,0.0,0,0.0,0.0
72,Ross Dwelley,SF,TE,0.0,0,0.0,11.2,118.4,0.9,0.0,0.0,0.0,0,0.0,0.0
73,Brycen Hopkins,LAR,TE,0.0,0,0.0,12.5,127.4,0.7,0.1,0.0,0.0,0,0.0,0.0
74,Durham Smythe,MIA,TE,0.0,0,0.0,13.1,108.2,1.0,0.0,0.0,0.0,0,0.0,0.0
75,Kylen Granson,IND,TE,0.0,0,0.0,12.2,127.8,0.6,0.1,0.0,0.0,0,0.0,0.0
76,Caleb Wilson,WAS,TE,0.0,0,0.0,10.0,97.0,1.0,0.0,0.0,0.0,0,0.0,0.0
77,John Bates,WAS,TE,0.0,0,0.0,12.4,119.2,0.8,0.5,0.0,0.0,0,0.0,0.0
78,Tommy Sweeney,BUF,TE,0.0,0,0.0,8.7,105.7,0.8,0.0,0.0,0.0,0,0.0,0.0
79,Jace Sternberger,GB,TE,0.0,0,0.0,9.6,88.4,1.0,0.0,0.0,0.0,0,0.0,0.0
80,Blake Bell,KC,TE,0.0,0,0.0,10.0,94.9,0.7,0.0,0.0,0.0,0,0.0,0.0
81,Antony Auclair,HOU,TE,0.0,0,0.0,6.5,70.8,0.6,0.0,0.0,0.0,0,0.0,0.0
82,Tre' McKitty,LAC,TE,0.0,0,0.0,7.7,81.6,0.4,0.0,0.0,0.0,0,0.0,0.0
83,J.P. Holtz,CHI,TE,0.0,0,0.0,5.9,73.2,0.5,0.0,0.0,0.0,0,0.0,0.0
84,Tommy Tremble,CAR,TE,0.0,0,0.0,8.6,85.4,0.4,0.5,0.0,0.0,0,0.0,0.0
85,Noah Togiai,IND,TE,0.0,0,0.0,6.4,60.8,0.5,0.0,0.0,0.0,0,0.0,0.0
86,Charlie Woerner,SF,TE,0.0,0,0.0,5.4,63.9,0.4,0.0,0.0,0.0,0,0.0,0.0
87,Stephen Anderson,LAC,TE,0.0,0,0.0,5.3,65.6,0.4,0.0,0.0,0.0,0,0.0,0.0
88,Nick Vannett,NO,TE,0.0,0,0.0,5.0,53.3,0.6,0.0,0.0,0.0,0,0.0,0.0
89,Josh Oliver,BAL,TE,0.0,0,0.0,5.4,56.1,0.6,0.1,0.0,0.0,0,0.0,0.0
90,Zach Gentry,PIT,TE,0.0,0,0.0,6.1,54.9,0.5,0.0,0.0,0.0,0,0.0,0.0
91,Jesse James,CHI,TE,0.0,0,0.0,6.1,51.4,0.5,0.0,0.0,0.0,0,0.0,0.0
92,Josiah Deguara,GB,TE,0.0,0,0.0,4.3,47.0,0.4,0.1,0.0,0.0,0,0.0,0.0
93,Johnny Mundt,LAR,TE,0.0,0,0.0,4.4,46.5,0.4,0.0,0.0,0.0,0,0.0,0.0
94,Demetrius Harris,ARI,TE,0.0,0,0.0,3.9,39.9,0.4,0.0,0.0,0.0,0,0.0,0.0
95,Jordan Franks,CLE,TE,0.0,0,0.0,3.7,41.0,0.4,0.0,0.0,0.0,0,0.0,0.0
96,Luke Stocker,TEN,TE,0.0,0,0.0,3.9,37.7,0.4,0.1,0.0,0.0,0,0.0,0.0
97,Colby Parkinson,SEA,TE,0.0,0,0.0,2.8,29.6,0.3,0.0,0.0,0.0,0,0.0,0.0
98,Brandon Dillon,MIN,TE,0.0,0,0.0,2.6,28.4,0.2,0.0,0.0,0.0,0,0.0,0.0
99,Dominique Dafney,GB,TE,0.0,0,0.0,2.4,25.7,0.2,0.0,0.0,0.0,0,0.0,0.0
100,Lee Smith,ATL,TE,0.0,0,0.0,2.5,24.6,0.2,0.0,0.0,0.0,0,0.0,0.0
101,Tanner Hudson,SF,TE,0.0,0,0.0,2.1,23.0,0.2,0.0,0.0,0.0,0,0.0,0.0
102,Sean McKeon,DAL,TE,0.0,0,0.0,2.6,26.6,0.2,0.0,0.0,0.0,0,0.0,0.0
103,Zach Davidson,MIN,TE,0.0,0,0.0,2.4,24.0,0.2,0.0,0.0,0.0,0,0.0,0.0
104,Trevon Wesco,NYJ,TE,0.0,0,0.0,2.3,24.4,0.1,0.0,0.0,0.0,0,0.0,0.0
105,Cethan Carter,MIA,TE,0.0,0,0.0,2.5,24.3,0.1,0.0,0.0,0.0,0,0.0,0.0
106,Eric Saubert,DEN,TE,0.0,0,0.0,2.3,22.9,0.1,0.0,0.0,0.0,0,0.0,0.0
107,Luke Willson,SEA,TE,0.0,0,0.0,1.8,20.3,0.2,0.0,0.0,0.0,0,0.0,0.0
108,Kaden Smith,NYG,TE,0.0,0,0.0,2.5,22.2,0.1,0.0,0.0,0.0,0,0.0,0.0
109,Matt LaCosse,NE,TE,0.0,0,0.0,1.9,20.0,0.2,0.0,0.0,0.0,0,0.0,0.0
110,Ricky Seals-Jones,WAS,TE,0.0,0,0.0,1.5,18.5,0.2,0.0,0.0,0.0,0,0.0,0.0
111,Codey McElroy,TB,TE,0.0,0,0.0,1.5,15.8,0.2,0.0,0.0,0.0,0,0.0,0.0
112,Farrod Green,IND,TE,0.0,0,0.0,1.8,17.9,0.1,0.0,0.0,0.0,0,0.0,0.0
113,Garrett Griffin,NO,TE,0.0,0,0.0,0.8,9.4,0.1,0.0,0.0,0.0,0,0.0,0.0
114,Isaac Nauta,GB,TE,0.0,0,0.0,0.8,8.2,0.0,0.0,0.0,0.0,0,0.0,0.0
115,Tyrone Swoopes,WAS,TE,0.0,0,0.0,0.9,9.7,0.0,0.0,0.0,0.0,0,0.0,0.0
116,Deon Yelder,TEN,TE,0.0,0,0.0,0.8,7.3,0.0,0.0,0.0,0.0,0,0.0,0.0
117,Jason Croom,PHI,TE,0.0,0,0.0,0.8,8.5,0.0,0.0,0.0,0.0,0,0.0,0.0
118,Hakeem Butler,PHI,TE,0.0,0,0.0,0.8,8.4,0.0,0.0,0.0,0.0,0,0.0,0.0
119,Jesper Horsted,CHI,TE,0.0,0,0.0,0.8,8.3,0.0,0.0,0.0,0.0,0,0.0,0.0
120,Cole Hikutini,NYG,TE,0.0,0,0.0,0.8,7.2,0.0,0.0,0.0,0.0,0,0.0,0.0
121,Colin Thompson,CAR,TE,0.0,0,0.0,0.7,6.7,0.0,0.0,0.0,0.0,0,0.0,0.0
122,0,0,TE,0.0,0,0.0,0.0,0,0.0,0.0,0.0,0.0,0,0.0,0.0
123,0,0,TE,0.0,0,0.0,0.0,0,0.0,0.0,0.0,0.0,0,0.0,0.0
